url,category_code,category_description,date_added,source,notes
http://4genderjustice.org/,HUMR,Human Rights Issues,2014-04-15,citizenlab,Updated by OONI on 2017-02-14
http://666games.net/,GAME,Gaming,2014-04-15,citizenlab,Updated by OONI on 2017-02-14
http://8thstreetlatinas.com/,PORN,Pornography,2014-04-15,citizenlab,Updated by OONI on 2017-02-14
http://abpr2.railfan.net/,MMED,Media sharing,2014-04-15,citizenlab,Updated by OONI on 2017-02-14
https://addons.mozilla.org/,FILE,File-sharing,2014-04-15,citizenlab,Updated by OONI on 2017-02-14
http://adium.im/,GRP,Social Networking,2014-04-15,citizenlab,Updated by OONI on 2017-02-14
http://adultfriendfinder.com/,DATE,Online Dating,2014-04-15,citizenlab,Updated by OONI on 2017-02-14
http://advocacy.globalvoicesonline.org/,HUMR,Human Rights Issues,2014-04-15,citizenlab,Updated by OONI on 2017-02-14
http://alt.com/,PORN,Pornography,2014-04-15,citizenlab,Updated by OONI on 2017-02-14
http://amphetamines.com/,ALDR,Alcohol & Drugs,2014-04-15,citizenlab,Updated by OONI on 2017-02-14
http://amygoodloe.com/lesbian-dot-org/,LGBT,LGBT,2014-04-15,citizenlab,Updated by OONI on 2017-02-14
http://anon.inf.tu-dresden.de/,ANON,Anonymization and circumvention tools,2014-04-15,citizenlab,Updated by OONI on 2017-02-14
http://anonnews.org/,HACK,Hacking Tools,2014-04-15,citizenlab,Updated by OONI on 2017-02-14
http://anonym.to/,ANON,Anonymization and circumvention tools,2014-04-15,citizenlab,Updated by OONI on 2017-02-14
http://anonymizer.secuser.com/,ANON,Anonymization and circumvention tools,2014-04-15,citizenlab,Updated by OONI on 2017-02-14
http://anonymouse.org/,ANON,Anonymization and circumvention tools,2014-04-15,citizenlab,Updated by OONI on 2017-02-14
https://archive.org/,HOST,Hosting and Blogging Platforms,2014-04-15,citizenlab,Updated by OONI on 2017-02-14
https://archive.org/web/,MMED,Media sharing,2014-04-15,citizenlab,Updated by OONI on 2017-02-14
https://archiveofourown.org/,CULTR,Culture,2017-10-25,sinarproject,
https://asiatimes.com/,NEWS,News Media,2014-04-15,citizenlab,Updated on 2022-02-27
https://www.asstr.org/,CULTR,Culture,2019-10-17,sinarproject,erotic fiction
http://astalavista.box.sk/,HACK,Hacking Tools,2014-04-15,citizenlab,Updated by OONI on 2017-02-14
http://attrition.org/,HACK,Hacking Tools,2014-04-15,citizenlab,Updated by OONI on 2017-02-14
http://avaaz.org/,NEWS,News Media,2014-04-15,citizenlab,Updated by OONI on 2017-02-14
https://autistici.org/,HOST,Hosting and Blogging Platforms,2017-08-08,samba,created by smb
https://noblogs.org/,HOST,Hosting and Blogging Platforms,2017-08-08,samba,created by smb
https://bebo.com/,GRP,Social Networking,2014-04-15,citizenlab,Updated by OONI on 2017-02-14
http://beeg.com/,PORN,Pornography,2014-04-15,citizenlab,Updated by OONI on 2017-02-14
http://beyondexgay.com/,LGBT,LGBT,2014-04-15,citizenlab,Updated on 2022-02-21
https://bisexual.org/,LGBT,LGBT,2014-04-15,citizenlab,Updated by OONI on 2017-02-14
https://bitcoin.org/,COMM,E-commerce,2014-04-15,citizenlab,Updated by OONI on 2017-02-14
http://bitcoin.sipa.be/,COMM,E-commerce,2018-11-15,blockchain,Initial tracking of cryptocurrencies on 2018-11-15. This domain is hardcoded in the bitcoin source code as an addressed used to bootstrap.
http://www.bittornado.com/,FILE,File-sharing,2014-04-15,citizenlab,Updated on 2022-02-21
https://www.blackberry.com/,MMED,Media sharing,2014-04-15,citizenlab,Updated on 2021-10-31
http://blog.com/,HOST,Hosting and Blogging Platforms,2014-04-15,citizenlab,Updated by OONI on 2017-02-14
http://blogmarks.net/,GRP,Social Networking,2014-04-15,citizenlab,Updated by OONI on 2017-02-14
http://blogspot.com/,NEWS,News Media,2014-04-15,citizenlab,Updated by OONI on 2017-02-14
https://www.blueskyswimwear.com/,PROV,Provocative Attire,2014-04-15,citizenlab,Updated on 2022-02-21
https://www.bnaibrith.org/,HUMR,Human Rights Issues,2014-04-15,citizenlab,Updated on 2022-02-21
https://boingboing.net/,NEWS,News Media,2014-04-15,citizenlab,Updated by OONI on 2017-02-14
https://bouncer.ooni.io/,HUMR,Human Rights Issues,2017-02-17,OONI,
https://www.bravoporn.com/,PORN,Pornography,2014-04-15,citizenlab,Updated on 2022-02-21
https://bridges.torproject.org/,ANON,Anonymization and circumvention tools,2017-05-31,ADEF,blocked in Egypt as of 2017-05-27
http://btggaming.com/,GMB,Gambling,2014-04-15,citizenlab,Updated by OONI on 2017-02-14
https://btguard.com/,ANON,Anonymization and circumvention tools,2014-04-15,citizenlab,Updated by OONI on 2017-02-14
http://cannabis.com/,ALDR,Alcohol & Drugs,2014-04-15,citizenlab,Updated by OONI on 2017-02-14
https://www.care.org/,ECON,Economics,2014-04-15,citizenlab,Updated on 2022-02-21
http://carnegieendowment.org/,POLR,Political Criticism,2014-04-15,citizenlab,Updated by OONI on 2017-02-14
http://cartercenter.org/,HUMR,Human Rights Issues,2014-04-15,citizenlab,Updated by OONI on 2017-02-14
https://www.casino.com/,GMB,Gambling,2014-04-15,citizenlab,Updated on 2022-02-21
https://www.ccc.de/,HACK,Hacking Tools,2014-04-15,citizenlab,Updated on 2022-02-21
http://ccrjustice.org/,HUMR,Human Rights Issues,2014-04-15,citizenlab,Updated by OONI on 2017-02-14
https://cdt.org/,NEWS,News Media,2014-04-15,citizenlab,Updated by OONI on 2017-02-14
https://censorship.no/,ANON,Anonymization and circumvention tools,2021-09-02,equalitie,
https://www.chinadaily.com.cn/,NEWS,News Media,2014-04-15,citizenlab,Updated on 2022-02-21
http://christwire.org/,CULTR,Culture,2014-04-15,citizenlab,Updated by OONI on 2017-02-14
https://cites.org/,ENV,Environment,2014-04-15,citizenlab,Updated by OONI on 2017-02-14
https://citizenlab.ca/,HUMR,Human Rights Issues,2014-04-15,citizenlab,Updated by citizenlab on 2017-11-09
http://cocaine.org/,ALDR,Alcohol & Drugs,2014-04-15,citizenlab,Updated by OONI on 2017-02-14
https://www.common-fund.org/,ECON,Economics,2014-04-15,citizenlab,Updated on 2022-02-21
http://company.wizards.com/,GAME,Gaming,2014-04-15,citizenlab,Updated by OONI on 2017-02-14
http://craigslist.org/,GRP,Social Networking,2014-04-15,citizenlab,Updated by OONI on 2017-02-14
http://creativecommons.org/,NEWS,News Media,2014-04-15,citizenlab,Updated by OONI on 2017-02-14
https://cryptome.org/,NEWS,News Media,2014-04-15,citizenlab,Updated by OONI on 2017-02-14
http://cultdeadcow.com/,HACK,Hacking Tools,2014-04-15,citizenlab,Updated by OONI on 2017-02-14
https://cyber.harvard.edu/,NEWS,News Media,2014-04-15,citizenlab,Updated by OONI on 2017-02-14
https://dashjr.org/,COMM,E-commerce,2018-11-15,blockchain,Initial tracking of cryptocurrencies on 2018-11-15. This domain is hardcoded in the bitcoin source code as an addressed used to bootstrap.
http://ddo.com/,GAME,Gaming,2014-04-15,citizenlab,Updated by OONI on 2017-02-14
http://debate.org.uk/,REL,Religion,2014-04-15,citizenlab,Updated by OONI on 2017-02-14
https://defcon.org/,HACK,Hacking Tools,2014-04-15,citizenlab,Updated by OONI on 2017-02-14
http://delicious.com/,MMED,Media sharing,2014-04-15,citizenlab,Updated by OONI on 2017-02-14
https://www.dextroverse.org/,ALDR,Alcohol & Drugs,2014-04-15,citizenlab,Updated on 2022-02-21
https://www.dictionary.com/,COMT,Communication Tools,2014-04-15,citizenlab,Updated on 2022-02-25
https://digg.com/,GRP,Social Networking,2014-04-15,citizenlab,Updated by OONI on 2017-02-14
https://docs.google.com/,FILE,File-sharing,2014-04-15,citizenlab,Updated by OONI on 2017-02-14
http://download.cnet.com/freegate/3000-2085_4-10415391.html,ANON,Anonymization and circumvention tools,2014-04-15,citizenlab,Updated by OONI on 2017-02-14
http://drugs-forum.com/,ALDR,Alcohol & Drugs,2014-04-15,citizenlab,Updated by OONI on 2017-02-14
https://duckduckgo.com/,SRCH,Search Engines,2014-04-15,citizenlab,Updated by OONI on 2017-02-14
http://earth-liberation-front.org/,ENV,Environment,2014-04-15,citizenlab,Updated by OONI on 2017-02-14
https://www.ebuddy.com/,GRP,Social Networking,2014-04-15,citizenlab,Updated on 2022-02-21
http://ecstasy.org/,ALDR,Alcohol & Drugs,2014-04-15,citizenlab,Updated by OONI on 2017-02-14
https://www.emailaddresses.com/,COMT,Communication Tools,2014-04-15,citizenlab,Updated on 2022-02-21
https://emchurch.org/,REL,Religion,2014-04-15,citizenlab,Updated on 2022-02-21
http://en-ville.orange.fr/,COMT,Communication Tools,2014-04-15,citizenlab,Updated by OONI on 2017-02-14
https://epic.org/,HUMR,Human Rights Issues,2014-04-15,citizenlab,Updated by OONI on 2017-02-14
https://evernote.com/,MMED,Media sharing,2014-04-15,citizenlab,Updated by OONI on 2017-02-14
https://www.exitinternational.net/,HUMR,Human Rights Issues,2014-04-15,citizenlab,Updated on 2022-02-21
https://explorer.ooni.io/,HUMR,Human Rights Issues,2017-05-31,ADEF,probably blocked in Egypt as of 2017-05-31
http://exscn.net/,REL,Religion,2014-04-15,citizenlab,Updated by OONI on 2017-02-14
https://www.fanfiction.net/,CULTR,Culture,2017-10-12,sinarproject,
http://feministing.com/,HUMR,Human Rights Issues,2014-04-15,citizenlab,Updated by OONI on 2017-02-14
https://forum.grasscity.com/,ALDR,Alcohol & Drugs,2014-04-15,citizenlab,Updated by OONI on 2017-02-14
https://foursquare.com/,GRP,Social Networking,2014-04-15,citizenlab,Updated by OONI on 2017-02-14
https://freedns.afraid.org/,HOST,Hosting and Blogging Platforms,2014-04-15,citizenlab,Updated by OONI on 2017-02-14
https://freedomhouse.org/,HUMR,Human Rights Issues,2014-04-15,citizenlab,Updated by OONI on 2017-02-14
http://freemuse.org/,HUMR,Human Rights Issues,2014-04-15,citizenlab,Updated by OONI on 2017-02-14
https://freenetproject.org/,ANON,Anonymization and circumvention tools,2014-04-15,citizenlab,Updated by OONI on 2017-02-14
https://friends.walla.co.il/login,COMT,Communication Tools,2014-04-15,citizenlab,Updated 2022-02-21
https://fsrn.org/,HUMR,Human Rights Issues,2014-04-15,citizenlab,Updated by OONI on 2017-02-14
https://www.gawker.com/,CULTR,Culture,2014-04-15,citizenlab,Updated on 2022-02-21
http://gaytoday.com/,LGBT,LGBT,2014-04-15,citizenlab,Updated by OONI on 2017-02-14
https://geti2p.net/,ANON,Anonymization and circumvention tools,2019-02-27,Philipp Winter on behalf of Sadie Doreen, Popular anonymity and circumvention tool
https://www.globaleaks.org/,HUMR,Human Rights Issues,2021-07-13,GlobaLeaks,
https://www.globalwitness.org/,ENV,Environment,2018-07-05,Security First,Updated on 2022-02-21
https://globalvoices.org/,HUMR,Human Rights Issues,2014-04-15,citizenlab,Updated by OONI on 2017-02-14
https://gmail.com/,COMT,Communication Tools,2014-04-15,citizenlab,Updated by OONI on 2017-02-14
http://go.com/,SRCH,Search Engines,2014-04-15,citizenlab,Updated by OONI on 2017-02-14
https://goaskalice.columbia.edu/,XED,Sex Education,2014-04-15,citizenlab,Updated by OONI on 2017-02-14
http://godhatesfags.com/,HATE,Hate Speech,2014-04-15,citizenlab,Updated by OONI on 2017-02-14
https://gpgtools.org/,ANON,Anonymization and circumvention tools,2014-04-15,citizenlab,Updated by OONI on 2017-02-14
https://groups.google.com/,GRP,Social Networking,2014-04-15,citizenlab,Updated by OONI on 2017-02-14
https://guardianproject.info/,ANON,Anonymization and circumvention tools,2014-04-15,citizenlab,Updated by OONI on 2017-02-14
http://guardster.com/,ANON,Anonymization and circumvention tools,2014-04-15,citizenlab,Updated by OONI on 2017-02-14
http://hackers.com/,HACK,Hacking Tools,2014-04-15,citizenlab,Updated by OONI on 2017-02-14
http://heroin.org/,ALDR,Alcohol & Drugs,2014-04-15,citizenlab,Updated by OONI on 2017-02-14
http://hightimes.com/,ALDR,Alcohol & Drugs,2014-04-15,citizenlab,Updated by OONI on 2017-02-14
http://hindunet.org/,CULTR,Culture,2014-04-15,citizenlab,Updated by OONI on 2017-02-14
https://www.hootsuite.com/,GRP,Social Networking,2014-04-15,citizenlab,Updated on 2022-02-21
http://hotgaylist.com/,PORN,Pornography,2014-04-15,citizenlab,Updated by OONI on 2017-02-14
http://hotmail.msn.com/,COMT,Communication Tools,2014-04-15,citizenlab,Updated by OONI on 2017-02-14
http://howtogrowmarijuana.com/,ALDR,Alcohol & Drugs,2014-04-15,citizenlab,Updated by OONI on 2017-02-14
http://hrlibrary.umn.edu/iwraw/,HUMR,Human Rights Issues,2014-04-15,citizenlab,Updated by OONI on 2017-02-14
https://iarf.net/,REL,Religion,2014-04-15,citizenlab,Updated by OONI on 2017-02-14
https://identi.ca/,MMED,Media sharing,2014-04-15,citizenlab,Updated by OONI on 2017-02-14
http://ikhwanonline.com/,POLR,Political Criticism,2014-04-15,citizenlab,Updated by OONI on 2017-02-14
http://ilga.org/,LGBT,LGBT,2014-04-15,citizenlab,Updated by OONI on 2017-02-14
https://imgur.com/,MMED,Media sharing,2014-04-15,citizenlab,Updated by OONI on 2017-02-14
https://imp.free.fr/,COMT,Communication Tools,2014-04-15,citizenlab,Updated by OONI on 2017-02-14
https://indymedia.org/,NEWS,News Media,2014-04-15,citizenlab,Updated by OONI on 2017-02-14
https://infidels.org/,CULTR,Culture,2014-04-15,citizenlab,Updated by OONI on 2017-02-14
http://insecure.org/,HACK,Hacking Tools,2014-04-15,citizenlab,Updated by OONI on 2017-02-14
https://ipi.media/,NEWS,News Media,2014-04-15,citizenlab,Updated by OONI on 2017-02-14
http://isaalmasih.net/,REL,Religion,2014-04-15,citizenlab,Updated by OONI on 2017-02-14
http://islamonline.net/,NEWS,News Media,2014-04-15,citizenlab,Updated by OONI on 2017-02-14
https://iwhc.org/,HUMR,Human Rights Issues,2014-04-15,citizenlab,Updated by OONI on 2017-02-14
http://iyfnet.org/,HUMR,Human Rights Issues,2014-04-15,citizenlab,Updated by OONI on 2017-02-14
http://jainworld.com/,HUMR,Human Rights Issues,2014-04-15,citizenlab,Updated by OONI on 2017-02-14
https://jezebel.com/,CULTR,Culture,2014-04-15,citizenlab,Updated by OONI on 2017-02-14
http://justicewomen.com/,HUMR,Human Rights Issues,2014-04-15,citizenlab,Updated by OONI on 2017-02-14
http://www.kabobfest.com/,NEWS,News Media,2014-04-15,citizenlab,Updated on 2022-02-21
http://khilafah.net/,MILX,Terrorism and Militants,2014-04-15,citizenlab,Updated by OONI on 2017-02-14
http://kickassclassical.com/,CULTR,Culture,2014-04-15,citizenlab,Updated by OONI on 2017-02-14
http://kidshealth.org/,XED,Sex Education,2014-04-15,citizenlab,Updated by OONI on 2017-02-14
http://krishna.com/,CULTR,Culture,2014-04-15,citizenlab,Updated by OONI on 2017-02-14
http://laborrights.org/,HUMR,Human Rights Issues,2014-04-15,citizenlab,Updated by OONI on 2017-02-14
http://lauraannjacobs.com/,PROV,Provocative Attire,2014-04-15,citizenlab,Updated by OONI on 2017-02-14
http://lgbt.foundation/,LGBT,LGBT,2014-04-15,citizenlab,Updated by OONI on 2017-02-14
https://login.infomaniak.com/loginWebmail,COMT,Communication Tools,2014-04-15,citizenlab,Updated by OONI on 2017-02-14
https://login.live.com/,COMT,Communication Tools,2014-04-15,citizenlab,Updated by OONI on 2017-02-14
https://www.lushstories.com/,CULTR,Culture,2019-10-17,sinarproject,Erotic fiction
https://mail.ru/,COMT,Communication Tools,2014-04-15,citizenlab,Updated by OONI on 2017-02-14
https://mail.yahoo.com/,COMT,Communication Tools,2014-04-15,citizenlab,Updated by OONI on 2017-02-14
https://mail.yandex.ru/,COMT,Communication Tools,2014-04-15,citizenlab,Updated by OONI on 2017-02-14
https://mainnet.infura.io/,COMM,E-commerce,2018-11-15,blockchain,Initial tracking of cryptocurrencies on 2018-11-15. Ethereum gateway. Needs token in path to function.
http://mashable.com/,NEWS,News Media,2014-04-15,citizenlab,Updated by OONI on 2017-02-14
https://medpot.net/,ALDR,Alcohol & Drugs,2014-04-15,citizenlab,Updated by OONI on 2017-02-14
https://metasploit.com/,HACK,Hacking Tools,2014-04-15,citizenlab,Updated by OONI on 2017-02-14
http://minorityrights.org/,HUMR,Human Rights Issues,2014-04-15,citizenlab,Updated by OONI on 2017-02-14
https://mixi.jp/,GRP,Social Networking,2014-04-15,citizenlab,Updated by OONI on 2017-02-14
http://moqavemat.ir/,MILX,Terrorism and Militants,2014-04-15,citizenlab,Updated by OONI on 2017-02-14
https://movabletype.com/,HOST,Hosting and Blogging Platforms,2014-04-15,citizenlab,Updated by OONI on 2017-02-14
https://www.mp3.com/,MMED,Media sharing,2014-04-15,citizenlab,Updated on 2022-02-21
http://multiproxy.org/,ANON,Anonymization and circumvention tools,2014-04-15,citizenlab,Updated by OONI on 2017-02-14
http://mymemory.translated.net/english/,COMT,Communication Tools,2014-04-15,citizenlab,Updated by OONI on 2017-02-14
https://myspace.com/,GRP,Social Networking,2014-04-15,citizenlab,Updated by OONI on 2017-02-14
http://ncac.org/,NEWS,News Media,2014-04-15,citizenlab,Updated by OONI on 2017-02-14
https://news.google.com/,NEWS,News Media,2014-04-15,citizenlab,Updated by OONI on 2017-02-14
https://www.nifty.org/,LGBT,LGBT,2019-10-17,sinarproject,erotic fiction
https://nmap.org/,HACK,Hacking Tools,2014-04-15,citizenlab,Updated by OONI on 2017-02-14
http://norml.org/,ALDR,Alcohol & Drugs,2014-04-15,citizenlab,Updated by OONI on 2017-02-14
http://now.org/,HUMR,Human Rights Issues,2014-04-15,citizenlab,Updated by OONI on 2017-02-14
http://nypost.com/,NEWS,News Media,2014-04-15,citizenlab,Updated by OONI on 2017-02-14
https://www.oca.org/,REL,Religion,2014-04-15,citizenlab,Updated on 2022-02-21
http://occupystreams.org/,MMED,Media sharing,2014-04-15,citizenlab,Updated by OONI on 2017-02-14
https://onedrive.live.com/,HOST,Hosting and Blogging Platforms,2014-04-15,citizenlab,Updated by OONI on 2017-02-14
https://www.wsj.com/,NEWS,News Media,2014-04-15,citizenlab,Updated on 2022-02-21
http://onlybingo.com/,GMB,Gambling,2014-04-15,citizenlab,Updated by OONI on 2017-02-14
https://ooni.torproject.org/,ANON,Anonymization and circumvention tools,2017-05-31,ADEF,blocked in Egypt as of 2017-05-31
https://ooni.org/,HUMR,Human Rights Issues,2020-11-05,OONI,
https://opennet.net/,HUMR,Human Rights Issues,2014-04-15,citizenlab,Updated by OONI on 2017-02-14
https://openvpn.net/,ANON,Anonymization and circumvention tools,2014-04-15,citizenlab,Updated by OONI on 2017-02-14
http://opportunity.org/,ECON,Economics,2014-04-15,citizenlab,Updated by OONI on 2017-02-14
https://otr.cypherpunks.ca/,ANON,Anonymization and circumvention tools,2014-04-15,citizenlab,Updated by OONI on 2017-02-14
https://outlook.live.com/,COMT,Communication Tools,2014-04-15,citizenlab,Updated by OONI on 2017-02-14
https://packetstormsecurity.com/,HACK,Hacking Tools,2014-04-15,citizenlab,Updated by OONI on 2017-02-14
https://panties.com/,PROV,Provocative Attire,2014-04-15,citizenlab,Updated by OONI on 2017-02-14
http://peacefire.org/,ANON,Anonymization and circumvention tools,2014-04-15,citizenlab,Updated by OONI on 2017-02-14
http://peta.xxx/,ENV,Environment,2014-04-15,citizenlab,Updated by OONI on 2017-02-14
http://phrack.org/,HACK,Hacking Tools,2014-04-15,citizenlab,Updated by OONI on 2017-02-14
https://photos.google.com/,MMED,Media sharing,2014-04-15,citizenlab,Updated on 2022-02-16
http://pingomatic.com/,HOST,Hosting and Blogging Platforms,2014-04-15,citizenlab,Updated by OONI on 2017-02-14
https://www.pinknews.co.uk/,LGBT,LGBT,2018-08-19,sinarproject,UK based LGBT news site
https://pirateparty.org.au/,POLR,Political Criticism,2014-04-15,citizenlab,Updated by OONI on 2017-02-14
https://plan-uk.org/,ECON,Economics,2014-04-15,citizenlab,Updated by OONI on 2017-02-14
https://plus.im/,GRP,Social Networking,2014-04-15,citizenlab,Updated by OONI on 2017-02-14
https://postimage.io/,MMED,Media sharing,2014-04-15,citizenlab,Updated by OONI on 2017-02-14
https://www.progressio.org.uk/,ECON,Economics,2014-04-15,citizenlab,Updated on 2022-02-21
https://www.protectioninternational.org/,HUMR,Human Rights Issues,2014-04-15,citizenlab,Updated on 2022-02-21
https://proxify.com/,ANON,Anonymization and circumvention tools,2014-04-15,citizenlab,Updated by OONI on 2017-02-14
http://proxy.org/,ANON,Anonymization and circumvention tools,2014-04-15,citizenlab,Updated by OONI on 2017-02-14
http://proxytools.sourceforge.net/,ANON,Anonymization and circumvention tools,2014-04-15,citizenlab,Updated by OONI on 2017-02-14
https://prq.se/,HOST,Hosting and Blogging Platforms,2014-04-15,citizenlab,Updated by OONI on 2017-02-14
https://psiphon.ca/,ANON,Anonymization and circumvention tools,2014-04-15,citizenlab,Updated by OONI on 2017-02-14
https://qibla.com/,REL,Religion,2014-04-15,citizenlab,Updated by OONI on 2017-02-14
http://radiofreetexas.org/,NEWS,News Media,2014-04-15,citizenlab,Updated by OONI on 2017-02-14
http://rapidgator.net/,MMED,Media sharing,2014-04-15,citizenlab,Updated by OONI on 2017-02-14
https://www.rarbg.to/,FILE,File-sharing,2016-08-11,sinarproject,Updated on 2022-02-21
http://reliefweb.int/,ENV,Environment,2014-04-15,citizenlab,Updated by OONI on 2017-02-14
https://repo1.maven.org/,CTRL,Control content,2022-01-24,Community Member,OSSRH Maven Central
http://risebroadband.com/,HOST,Hosting and Blogging Platforms,2014-04-15,citizenlab,Updated by OONI on 2017-02-14
https://riseup.net/,HOST,Hosting and Blogging Platforms,2014-04-15,citizenlab,Updated by OONI on 2017-02-14
https://rsf.org/,NEWS,News Media,2014-04-15,citizenlab,Updated by OONI on 2017-02-14
http://russia.tv/,NEWS,News Media,2014-04-15,citizenlab,Updated by OONI on 2017-02-14
http://sakhr.com/,COMT,Communication Tools,2014-04-15,citizenlab,Updated by OONI on 2017-02-14
https://sci-hub.se/,FILE,File-sharing,2019-09-27,Community Member,New sci-hub domain
http://search.aol.com/,SRCH,Search Engines,2014-04-15,citizenlab,Updated by OONI on 2017-02-14
http://seclists.org/,HACK,Hacking Tools,2014-04-15,citizenlab,Updated by OONI on 2017-02-14
https://secfirst.org/,HUMR,Human Rights Issues,2018-07-05,Security First,
http://secondlife.com/,GRP,Social Networking,2014-04-15,citizenlab,Updated by OONI on 2017-02-14
https://secure.flickr.com/,MMED,Media sharing,2014-04-15,citizenlab,Updated by OONI on 2017-02-14
https://secure.friendfinder.com/,DATE,Online Dating,2014-04-15,citizenlab,Updated by OONI on 2017-02-14
https://www.logmein.com/,ANON,Anonymization and circumvention tools,2014-04-15,citizenlab,Updated on 2022-02-21
https://secure.proxpn.com/,ANON,Anonymization and circumvention tools,2014-04-15,citizenlab,Updated by OONI on 2017-02-14
https://sexetc.org/,XED,Sex Education,2014-04-15,citizenlab,Updated by OONI on 2017-02-14
https://www.sfsi.org/,XED,Sex Education,2014-04-15,citizenlab,Updated on 2022-02-21
http://shamash.org/,REL,Religion,2014-04-15,citizenlab,Updated by OONI on 2017-02-14
http://shia.org/,REL,Religion,2014-04-15,citizenlab,Updated by OONI on 2017-02-14
https://www.sierraclub.org/,ENV,Environment,2014-04-15,citizenlab,Updated on 2022-02-21
https://site.voicepulse.com/,COMT,Communication Tools,2014-04-15,citizenlab,Updated by OONI on 2017-02-14
https://sites.google.com/,HOST,Hosting and Blogging Platforms,2014-04-15,citizenlab,Updated by OONI on 2017-02-14
https://slashdot.org/,NEWS,News Media,2014-04-15,citizenlab,Updated by OONI on 2017-02-14
https://sourceforge.net/,HACK,Hacking Tools,2014-04-15,citizenlab,Updated by OONI on 2017-02-14
https://sourceforge.net/projects/loic/,HACK,Hacking Tools,2014-04-15,citizenlab,Updated by OONI on 2017-02-14
https://spideroak.com/,MMED,Media sharing,2014-04-15,citizenlab,Updated by OONI on 2017-02-14
http://spys.ru/,ANON,Anonymization and circumvention tools,2014-04-15,citizenlab,Updated by OONI on 2017-02-14
http://store.steampowered.com/,GAME,Gaming,2014-04-15,citizenlab,Updated by OONI on 2017-02-14
https://strongvpn.com/,ANON,Anonymization and circumvention tools,2014-04-15,citizenlab,Updated by OONI on 2017-02-14
https://support.therapytribe.com/hivaids-support-group/,PUBH,Public Health,2014-04-15,citizenlab,Updated by OONI on 2017-02-14
https://t.co/,HOST,Hosting and Blogging Platforms,2014-04-15,citizenlab,Updated by OONI on 2017-02-14
https://tacticaltech.org/,HUMR,Human Rights Issues,2017-02-17,OONI,
https://tails.boum.org/,ANON,Anonymization and circumvention tools,2016-08-31,sinarproject,Updated by OONI on 2017-02-14
http://technorati.com/,HOST,Hosting and Blogging Platforms,2014-04-15,citizenlab,Updated by OONI on 2017-02-14
http://teenadvice.about.com/,XED,Sex Education,2014-04-15,citizenlab,Updated by OONI on 2017-02-14
http://telecomix.org/,HACK,Hacking Tools,2014-04-15,citizenlab,Updated by OONI on 2017-02-14
https://thehackernews.com/,HACK,Hacking Tools,2014-04-15,citizenlab,Updated by OONI on 2017-02-14
https://theintercept.com/,NEWS,News Media,2017-08-28,Artigo 19 + CryptoRave + Coding Rights,Jornalismo independente (Mapeamento Artigo 19)
http://thenationalcampaign.org/,XED,Sex Education,2014-04-15,citizenlab,Updated by OONI on 2017-02-14
http://thepiratebay.org/,FILE,File-sharing,2014-04-15,citizenlab,Updated by OONI on 2017-02-14
http://timesofindia.indiatimes.com/,NEWS,News Media,2014-04-15,citizenlab,Updated by OONI on 2017-02-14
https://tinyurl.com/,HOST,Hosting and Blogging Platforms,2014-04-15,citizenlab,Updated by OONI on 2017-02-14
https://tor.eff.org/,ANON,Anonymization and circumvention tools,2014-04-15,citizenlab,Updated by OONI on 2017-02-14
http://torah.org/,REL,Religion,2014-04-15,citizenlab,Updated by OONI on 2017-02-14
https://translate.google.com/,COMT,Communication Tools,2014-04-15,citizenlab,Updated by OONI on 2017-02-14
http://translation2.paralink.com/,COMT,Communication Tools,2014-04-15,citizenlab,Updated by OONI on 2017-02-14
http://translator.babylon-software.com/,COMT,Communication Tools,2014-04-15,citizenlab,Updated by OONI on 2017-02-14
http://transsexual.org/,LGBT,LGBT,2014-04-15,citizenlab,Updated by OONI on 2017-02-14
https://trashy.com/,PROV,Provocative Attire,2014-04-15,citizenlab,Updated by OONI on 2017-02-14
http://triviasecurity.net/,HACK,Hacking Tools,2014-04-15,citizenlab,Updated by OONI on 2017-02-14
https://turbobit.net/,NEWS,News Media,2014-04-15,citizenlab,Updated by OONI on 2017-02-14
http://tvants.uptodown.com/,HACK,Hacking Tools,2014-04-15,citizenlab,Updated by OONI on 2017-02-14
https://twitter.com/,GRP,Social Networking,2014-04-15,citizenlab,Updated by OONI on 2017-02-14
http://ultrasurf.us/,ANON,Anonymization and circumvention tools,2014-04-15,citizenlab,Updated by OONI on 2017-02-14
https://ultrasurf.us/,ANON,Anonymization and circumvention tools,2014-04-15,citizenlab,Updated by OONI on 2017-02-14
https://www.unep.org/,ENV,Environment,2014-04-15,citizenlab,Updated on 2022-02-21
https://unpo.org/,HUMR,Human Rights Issues,2014-04-15,citizenlab,Updated by OONI on 2017-02-14
http://uploaded.to/,FILE,File-sharing,2014-04-15,citizenlab,Updated by OONI on 2017-02-14
https://veracrypt.fr/,ANON,Anonymization and circumvention tools,2014-04-15,citizenlab,Updated on 2022-02-23
http://vho.org/,HATE,Hate Speech,2014-04-15,citizenlab,Updated by OONI on 2017-02-14
https://video.google.com/,MMED,Media sharing,2014-04-15,citizenlab,Updated by OONI on 2017-02-14
https://vimeo.com/,MMED,Media sharing,2014-04-15,citizenlab,Updated by OONI on 2017-02-14
http://weblogs.us/,HOST,Hosting and Blogging Platforms,2014-04-15,citizenlab,Updated by OONI on 2017-02-14
http://wedo.org/,HUMR,Human Rights Issues,2014-04-15,citizenlab,Updated by OONI on 2017-02-14
http://weedfarmer.com/,ALDR,Alcohol & Drugs,2014-04-15,citizenlab,Updated by OONI on 2017-02-14
http://whitehonor.com/,HATE,Hate Speech,2014-04-15,citizenlab,Updated by OONI on 2017-02-14
https://wikileaks.org/,NEWS,News Media,2014-04-15,citizenlab,Updated by OONI on 2017-02-14
https://www.wilpf.org/,HUMR,Human Rights Issues,2014-04-15,citizenlab,Updated on 2022-02-21
https://www.witness.org/,HUMR,Human Rights Issues,2014-04-15,citizenlab,Updated on 2022-02-21
http://wkkf.org/,ECON,Economics,2014-04-15,citizenlab,Updated by OONI on 2017-02-14
http://womeninblack.org/,HUMR,Human Rights Issues,2014-04-15,citizenlab,Updated by OONI on 2017-02-14
https://wordpress.com/,HOST,Hosting and Blogging Platforms,2014-04-15,citizenlab,Updated by OONI on 2017-02-14
https://wordpress.org/,HOST,Hosting and Blogging Platforms,2014-04-15,citizenlab,Updated by OONI on 2017-02-14
http://world.internationalism.org/,POLR,Political Criticism,2014-04-15,citizenlab,Updated by OONI on 2017-02-14
https://worldofwarcraft.com/,GAME,Gaming,2014-04-15,citizenlab,Updated by OONI on 2017-02-14
http://worldsingles.com/,DATE,Online Dating,2014-04-15,citizenlab,Updated by OONI on 2017-02-14
http://wupj.org/,REL,Religion,2014-04-15,citizenlab,Updated by OONI on 2017-02-14
http://wwf.panda.org/,ENV,Environment,2014-04-15,citizenlab,Updated by OONI on 2017-02-14
https://www.100webspace.com/,HOST,Hosting and Blogging Platforms,2014-04-15,citizenlab,Updated by OONI on 2017-02-14
http://www.150m.com/,HOST,Hosting and Blogging Platforms,2014-04-15,citizenlab,Updated by OONI on 2017-02-14
http://www.163.com/,SRCH,Search Engines,2014-04-15,citizenlab,Updated by OONI on 2017-02-14
https://www.1and1.com/,HOST,Hosting and Blogging Platforms,2014-04-15,citizenlab,Updated by OONI on 2017-02-14
http://www.23.org/,HACK,Hacking Tools,2014-04-15,citizenlab,Updated by OONI on 2017-02-14
https://www.2600.com/,HACK,Hacking Tools,2014-04-15,citizenlab,Updated on 2022-02-27
http://www.2ddepot.com/,GAME,Gaming,2014-04-15,citizenlab,Updated by OONI on 2017-02-14
http://www.2shared.com/,FILE,File-sharing,2014-04-15,citizenlab,Updated by OONI on 2017-02-14
https://www.3wishes.com/,PROV,Provocative Attire,2014-04-15,citizenlab,Updated by OONI on 2017-02-14
http://www.43things.com/,GRP,Social Networking,2014-04-15,citizenlab,Updated by OONI on 2017-02-14
http://www.4chan.org/,GRP,Social Networking,2014-04-15,citizenlab,Updated by OONI on 2017-02-14
http://www.4online-gambling.com/,GMB,Gambling,2014-04-15,citizenlab,Updated by OONI on 2017-02-14
http://www.4shared.com/,FILE,File-sharing,2014-04-15,citizenlab,Updated by OONI on 2017-02-14
http://www.888casino.com/,GMB,Gambling,2014-04-15,citizenlab,Updated by OONI on 2017-02-14
http://www.89.com/,PORN,Pornography,2014-04-15,citizenlab,Updated by OONI on 2017-02-14
http://www.911memorial.org/,CULTR,Culture,2014-04-15,citizenlab,Updated by OONI on 2017-02-14
http://www.911truth.org/,CULTR,Culture,2014-04-15,citizenlab,Updated by OONI on 2017-02-14
http://www.abcunderwear.com/,PROV,Provocative Attire,2014-04-15,citizenlab,Updated by OONI on 2017-02-14
http://www.abortionno.org/,HUMR,Human Rights Issues,2014-04-15,citizenlab,Updated by OONI on 2017-02-14
http://www.absinth.com/,ALDR,Alcohol & Drugs,2014-04-15,citizenlab,Updated by OONI on 2017-02-14
http://www.absolut.com/,ALDR,Alcohol & Drugs,2014-04-15,citizenlab,Updated by OONI on 2017-02-14
https://www.accessnow.org/,HUMR,Human Rights Issues,2014-04-15,citizenlab,Updated by OONI on 2017-02-14
http://www.acdi-cida.gc.ca/,ECON,Economics,2014-04-15,citizenlab,Updated by OONI on 2017-02-14
http://www.aceshigh.com/,GMB,Gambling,2014-04-15,citizenlab,Updated by OONI on 2017-02-14
http://www.acquisitionx.com/,FILE,File-sharing,2014-04-15,citizenlab,Updated by OONI on 2017-02-14
http://www.actionaid.org/,HUMR,Human Rights Issues,2014-04-15,citizenlab,Updated by OONI on 2017-02-14
http://www.adl.org/,REL,Religion,2014-04-15,citizenlab,Updated by OONI on 2017-02-14
https://www.adventist.org/,HUMR,Human Rights Issues,2014-04-15,citizenlab,Updated by OONI on 2017-02-14
http://www.advocate.com/,NEWS,News Media,2014-04-15,citizenlab,Updated by OONI on 2017-02-14
http://www.advocatesforyouth.org/,XED,Sex Education,2014-04-15,citizenlab,Updated by OONI on 2017-02-14
http://www.af.mil/,GOVT,Government,2014-04-15,citizenlab,Updated by OONI on 2017-02-14
https://www.afp.com/,NEWS,News Media,2014-04-15,citizenlab,Updated by OONI on 2017-02-14
http://www.afterellen.com/,LGBT,LGBT,2014-04-15,citizenlab,Updated by OONI on 2017-02-14
http://www.agentprovocateur.com/,PROV,Provocative Attire,2014-04-15,citizenlab,Updated by OONI on 2017-02-14
http://www.ahram.org.eg/,NEWS,News Media,2014-04-15,citizenlab,Updated by OONI on 2017-02-14
http://www.aidsalliance.org/,XED,Sex Education,2014-04-15,citizenlab,Updated by OONI on 2017-02-14
http://www.aidsonline.com/,PUBH,Public Health,2014-04-15,citizenlab,Updated by OONI on 2017-02-14
http://www.akdn.org/,ECON,Economics,2014-04-15,citizenlab,Updated by OONI on 2017-02-14
https://www.alarabiya.net/,NEWS,News Media,2014-04-15,citizenlab,Updated by OONI on 2017-02-14
http://www.aleph.to/,MILX,Terrorism and Militants,2014-04-15,citizenlab,Updated by OONI on 2017-02-14
https://www.aljazeera.net/,NEWS,News Media,2014-04-15,citizenlab,Updated by OONI on 2017-02-14
http://www.almanar.com.lb/,NEWS,News Media,2014-04-15,citizenlab,Updated by OONI on 2017-02-14
http://www.alqassam.ps/,MILX,Terrorism and Militants,2014-04-15,citizenlab,Updated by OONI on 2017-02-14
http://www.altavista.com/,SRCH,Search Engines,2014-04-15,citizenlab,Updated by OONI on 2017-02-14
http://www.altpenis.com/,PUBH,Public Health,2014-04-15,citizenlab,Updated by OONI on 2017-02-14
https://www.amazon.com/,COMM,E-commerce,2014-04-15,citizenlab,Updated by OONI on 2017-02-14
http://www.americannaziparty.com/,HATE,Hate Speech,2014-04-15,citizenlab,Updated by OONI on 2017-02-14
https://www.amnesty.org/,HUMR,Human Rights Issues,2014-04-15,citizenlab,Updated by OONI on 2017-02-14
http://www.ananzi.co.za/,SRCH,Search Engines,2014-04-15,citizenlab,Updated by OONI on 2017-02-14
http://www.angelfire.lycos.com/,HOST,Hosting and Blogging Platforms,2014-04-15,citizenlab,Updated by OONI on 2017-02-14
http://www.anglicancommunion.org/,HUMR,Human Rights Issues,2014-04-15,citizenlab,Updated by OONI on 2017-02-14
http://www.angryharry.com/,HATE,Hate Speech,2014-04-15,citizenlab,Updated by OONI on 2017-02-14
http://www.animalliberationfront.com/,ENV,Environment,2014-04-15,citizenlab,Updated by OONI on 2017-02-14
http://www.anonymitychecker.com/,ANON,Anonymization and circumvention tools,2014-04-15,citizenlab,Updated by OONI on 2017-02-14
https://www.anonymizer.com/,ANON,Anonymization and circumvention tools,2014-04-15,citizenlab,Updated by OONI on 2017-02-14
http://www.anonymizer.ru/,ANON,Anonymization and circumvention tools,2014-04-15,citizenlab,Updated by OONI on 2017-02-14
http://www.anonymsurfen.com/,ANON,Anonymization and circumvention tools,2014-04-15,citizenlab,Updated by OONI on 2017-02-14
https://www.apple.com/,COMM,E-commerce,2014-04-15,citizenlab,Updated by OONI on 2017-02-14
http://www.appzplanet.com/,FILE,File-sharing,2014-04-15,citizenlab,Updated by OONI on 2017-02-14
http://www.apt.ch/,HUMR,Human Rights Issues,2014-04-15,citizenlab,Updated by OONI on 2017-02-14
https://www.arabnews.com/,NEWS,News Media,2014-04-15,citizenlab,Updated by OONI on 2017-02-14
http://www.arabtimes.com/,NEWS,News Media,2014-04-15,citizenlab,Updated by OONI on 2017-02-14
https://www.ariannelingerie.com/,PROV,Provocative Attire,2014-04-15,citizenlab,Updated by OONI on 2017-02-14
https://www.army.mil/,GOVT,Government,2014-04-15,citizenlab,Updated by OONI on 2017-02-14
https://www.article19.org/,HUMR,Human Rights Issues,2014-04-15,citizenlab,Updated by OONI on 2017-02-14
http://www.aseansec.org/,GOVT,Government,2014-04-15,citizenlab,Updated by OONI on 2017-02-14
http://www.ask.com/,SRCH,Search Engines,2014-04-15,citizenlab,Updated by OONI on 2017-02-14
http://www.asterisk.org/,COMT,Communication Tools,2014-04-15,citizenlab,Updated by OONI on 2017-02-14
https://www.atheistalliance.org/,REL,Religion,2014-04-15,citizenlab,Updated by OONI on 2017-02-14
https://www.atheists.org/,REL,Religion,2014-04-15,citizenlab,Updated by OONI on 2017-02-14
http://www.auduboninternational.org/,ENV,Environment,2014-04-15,citizenlab,Updated by OONI on 2017-02-14
http://www.avert.org/,PUBH,Public Health,2014-04-15,citizenlab,Updated by OONI on 2017-02-14
https://www.awid.org/,HUMR,Human Rights Issues,2014-04-15,citizenlab,Updated by OONI on 2017-02-14
https://www.bacardi.com/,ALDR,Alcohol & Drugs,2014-04-15,citizenlab,Updated by OONI on 2017-02-14
https://www.backtrack-linux.org/,HACK,Hacking Tools,2014-04-15,citizenlab,Updated by OONI on 2017-02-14
http://www.bacardi.com/,ALDR,Alcohol & Drugs,2014-04-15,citizenlab,Updated by OONI on 2017-02-14
http://www.backtrack-linux.org/,HACK,Hacking Tools,2014-04-15,citizenlab,Updated by OONI on 2017-02-14
http://www.bahai.org/,HUMR,Human Rights Issues,2014-04-15,citizenlab,Updated by OONI on 2017-02-14
https://www.baidu.com/,SRCH,Search Engines,2014-04-15,citizenlab,Updated by OONI on 2017-02-14
http://www.barmeister.com/,ALDR,Alcohol & Drugs,2014-04-15,citizenlab,Updated by OONI on 2017-02-14
http://www.barnesandnoble.com/,COMM,E-commerce,2014-04-15,citizenlab,Updated by OONI on 2017-02-14
http://www.bat.com/,ALDR,Alcohol & Drugs,2014-04-15,citizenlab,Updated by OONI on 2017-02-14
http://www.bbc.com/news,NEWS,News Media,2014-04-15,citizenlab,Updated by OONI on 2017-02-14
http://www.beer.com/,ALDR,Alcohol & Drugs,2014-04-15,citizenlab,Updated by OONI on 2017-02-14
http://www.beerinfo.com/,ALDR,Alcohol & Drugs,2014-04-15,citizenlab,Updated by OONI on 2017-02-14
http://www.benedelman.org/,NEWS,News Media,2014-04-15,citizenlab,Updated by OONI on 2017-02-14
http://www.betfair.com/,GMB,Gambling,2014-04-15,citizenlab,Updated by OONI on 2017-02-14
http://www.bfed.info/,HATE,Hate Speech,2014-04-15,citizenlab,Updated by OONI on 2017-02-14
http://www.bglad.com/,LGBT,LGBT,2014-04-15,citizenlab,Updated by OONI on 2017-02-14
https://www.binance.com/,COMM,E-commerce,2018-11-15,blockchain,Initial tracking of cryptocurrencies on 2018-11-15. Cryptocurrency exchange
https://www.bing.com/,SRCH,Search Engines,2014-04-15,citizenlab,Updated by OONI on 2017-02-14
http://www.birthcontrol.com/,XED,Sex Education,2014-04-15,citizenlab,Updated by OONI on 2017-02-14
http://www.bitcomet.com/,FILE,File-sharing,2014-04-15,citizenlab,Updated by OONI on 2017-02-14
https://www.bitfinex.com/,COMM,E-commerce,2018-11-15,blockchain,Initial tracking of cryptocurrencies on 2018-11-15. Cryptocurrency exchange
http://www.bittorrent.com/,MMED,Media sharing,2014-04-15,citizenlab,Updated by OONI on 2017-02-14
http://www.biz.ly/,HOST,Hosting and Blogging Platforms,2014-04-15,citizenlab,Updated by OONI on 2017-02-14
http://www.blackhat.be/,HACK,Hacking Tools,2014-04-15,citizenlab,Updated by OONI on 2017-02-14
http://www.blackjackinfo.com/,GMB,Gambling,2014-04-15,citizenlab,Updated by OONI on 2017-02-14
http://www.blizzard.com/,GAME,Gaming,2014-04-15,citizenlab,Updated by OONI on 2017-02-14
http://www.blogeasy.com/,HOST,Hosting and Blogging Platforms,2014-04-15,citizenlab,Updated by OONI on 2017-02-14
https://www.blogger.com/,HOST,Hosting and Blogging Platforms,2014-04-15,citizenlab,Updated by OONI on 2017-02-14
http://www.blogsome.com/,HOST,Hosting and Blogging Platforms,2014-04-15,citizenlab,Updated by OONI on 2017-02-14
https://www.bme.com/,CULTR,Culture,2014-04-15,citizenlab,Updated by OONI on 2017-02-14
https://www.brinkster.com/,HOST,Hosting and Blogging Platforms,2014-04-15,citizenlab,Updated by OONI on 2017-02-14
http://www.broadvoice.com/,COMT,Communication Tools,2014-04-15,citizenlab,Updated by OONI on 2017-02-14
https://www.brookings.edu/,HUMR,Human Rights Issues,2014-04-15,citizenlab,Updated by OONI on 2017-02-14
http://www.btselem.org/,HUMR,Human Rights Issues,2014-04-15,citizenlab,Updated by OONI on 2017-02-14
http://www.buddhanet.net/,REL,Religion,2014-04-15,citizenlab,Updated by OONI on 2017-02-14
http://www.budweiser.com/,ALDR,Alcohol & Drugs,2014-04-15,citizenlab,Updated by OONI on 2017-02-14
https://www.buydutchseeds.com/,ALDR,Alcohol & Drugs,2014-04-15,citizenlab,Updated by OONI on 2017-02-14
http://www.callserve.com/,COMT,Communication Tools,2014-04-15,citizenlab,Updated by OONI on 2017-02-14
http://www.cannabis.info/,ALDR,Alcohol & Drugs,2014-04-15,citizenlab,Updated by OONI on 2017-02-14
http://www.cannaweed.com/,ALDR,Alcohol & Drugs,2014-04-15,citizenlab,Updated by OONI on 2017-02-14
http://www.caritas.org/,REL,Religion,2014-04-15,citizenlab,Updated by OONI on 2017-02-14
http://www.carnivalcasino.com/,GMB,Gambling,2014-04-15,citizenlab,Updated by OONI on 2017-02-14
http://www.casinotropez.com/,GMB,Gambling,2014-04-15,citizenlab,Updated by OONI on 2017-02-14
http://www.catholic.org/,HUMR,Human Rights Issues,2014-04-15,citizenlab,Updated by OONI on 2017-02-14
http://www.catholicsforchoice.org/,XED,Sex Education,2014-04-15,citizenlab,Updated by OONI on 2017-02-14
https://www.cbc.ca/,NEWS,News Media,2014-04-15,citizenlab,Updated by OONI on 2017-02-14
https://www.cbsnews.com/,NEWS,News Media,2014-04-15,citizenlab,Updated by OONI on 2017-02-14
http://www.ccel.org/,REL,Religion,2014-04-15,citizenlab,Updated by OONI on 2017-02-14
https://www.cdc.gov/,PUBH,Public Health,2014-04-15,citizenlab,Updated by OONI on 2017-02-14
http://www.ceceurope.org/,REL,Religion,2014-04-15,citizenlab,Updated by OONI on 2017-02-14
http://www.centcom.mil/,GOVT,Government,2014-04-15,citizenlab,Updated by OONI on 2017-02-14
http://www.cesr.org/,HUMR,Human Rights Issues,2014-04-15,citizenlab,Updated by OONI on 2017-02-14
https://www.change.org/,HUMR,Human Rights Issues,2014-04-15,citizenlab,Updated by OONI on 2017-02-14
http://www.chantelle.com/,PROV,Provocative Attire,2014-04-15,citizenlab,Updated by OONI on 2017-02-14
http://www.childrensdefense.org/,HUMR,Human Rights Issues,2014-04-15,citizenlab,Updated by OONI on 2017-02-14
http://www.chinatimes.com/,NEWS,News Media,2014-04-15,citizenlab,Updated by OONI on 2017-02-14
http://www.christianity.com/,REL,Religion,2014-04-15,citizenlab,Updated by OONI on 2017-02-14
http://www.christianitytoday.com/,REL,Religion,2014-04-15,citizenlab,Updated by OONI on 2017-02-14
http://www.churchofeuthanasia.org/,POLR,Political Criticism,2014-04-15,citizenlab,Updated by OONI on 2017-02-14
https://www.cia.gov/,GOVT,Government,2014-04-15,citizenlab,Updated by OONI on 2017-02-14
http://www.cidh.org/,HUMR,Human Rights Issues,2014-04-15,citizenlab,Updated by OONI on 2017-02-14
http://www.circumcision.org/,PUBH,Public Health,2014-04-15,citizenlab,Updated by OONI on 2017-02-14
http://www.cirp.org/,PUBH,Public Health,2014-04-15,citizenlab,Updated by OONI on 2017-02-14
http://www.cis.minsk.by/,GOVT,Government,2014-04-15,citizenlab,Updated by OONI on 2017-02-14
https://www.clintonfoundation.org/,POLR,Political Criticism,2014-04-15,citizenlab,Updated by OONI on 2017-02-14
http://www.clubdicecasino.com/,GMB,Gambling,2014-04-15,citizenlab,Updated by OONI on 2017-02-14
https://www.cnn.com/,NEWS,News Media,2014-04-15,citizenlab,Updated by OONI on 2017-02-14
https://www.coinbase.com/,COMM,E-commerce,2018-11-15,blockchain,Initial tracking of cryptocurrencies on 2018-11-15. Cryptocurrency exchange
http://www.collegehumor.com/,CULTR,Culture,2014-04-15,citizenlab,Updated by OONI on 2017-02-14
https://www.concern.net/,ECON,Economics,2014-04-15,citizenlab,Updated by OONI on 2017-02-14
http://www.copticchurch.net/,REL,Religion,2014-04-15,citizenlab,Updated by OONI on 2017-02-14
http://www.coquette.com/,PROV,Provocative Attire,2014-04-15,citizenlab,Updated by OONI on 2017-02-14
http://www.counter-strike.net/,GAME,Gaming,2014-04-15,citizenlab,Updated by OONI on 2017-02-14
https://www.cpj.org/,HUMR,Human Rights Issues,2014-04-15,citizenlab,Updated by OONI on 2017-02-14
https://www.crisisgroup.org/,HUMR,Human Rights Issues,2014-04-15,citizenlab,Updated by OONI on 2017-02-14
http://www.crs.org/,ECON,Economics,2014-04-15,citizenlab,Updated by OONI on 2017-02-14
http://www.cseindia.org/,ENV,Environment,2014-04-15,citizenlab,Updated by OONI on 2017-02-14
https://www.csidonline.org/,REL,Religion,2014-04-15,citizenlab,Updated by OONI on 2017-02-14
http://www.csmonitor.com/,REL,Religion,2014-04-15,citizenlab,Updated by OONI on 2017-02-14
http://www.cwgl.rutgers.edu/,HUMR,Human Rights Issues,2014-04-15,citizenlab,Updated by OONI on 2017-02-14
http://www.cyber-pirates.org/,HACK,Hacking Tools,2014-04-15,citizenlab,Updated by OONI on 2017-02-14
http://www.dailymail.co.uk/,NEWS,News Media,2014-04-15,citizenlab,Updated by OONI on 2017-02-14
https://www.dailymotion.com/,MMED,Media sharing,2014-04-15,citizenlab,Updated 2022-02-21
http://www.darknet.org.uk/,HACK,Hacking Tools,2014-04-15,citizenlab,Updated by OONI on 2017-02-14
http://www.darpa.mil/,GOVT,Government,2014-04-15,citizenlab,Updated by OONI on 2017-02-14
http://www.date.com/,DATE,Online Dating,2014-04-15,citizenlab,Updated by OONI on 2017-02-14
https://www.dating.com/,DATE,Online Dating,2014-04-15,citizenlab,Updated by OONI on 2017-02-14
https://www.datingdirect.com/,DATE,Online Dating,2014-04-15,citizenlab,Updated by OONI on 2017-02-14
http://www.datpiff.com/,CULTR,Culture,2014-04-15,citizenlab,Updated by OONI on 2017-02-14
http://www.dd-rd.ca/,HUMR,Human Rights Issues,2014-04-15,citizenlab,Updated by OONI on 2017-02-14
https://www.dea.gov/index.shtml,ALDR,Alcohol & Drugs,2014-04-15,citizenlab,Updated by OONI on 2017-02-14
http://www.deathmetal.org/,CULTR,Culture,2014-04-15,citizenlab,Updated by OONI on 2017-02-14
https://www.defense.gov/,GOVT,Government,2014-04-15,citizenlab,Updated by OONI on 2017-02-14
http://www.delicates.co.uk/,PROV,Provocative Attire,2014-04-15,citizenlab,Updated by OONI on 2017-02-14
http://www.democracycaucus.net/,POLR,Political Criticism,2014-04-15,citizenlab,Updated by OONI on 2017-02-14
https://www.democracynow.org/,NEWS,News Media,2014-04-15,citizenlab,Updated by OONI on 2017-02-14
http://www.depositfiles.com/,MMED,Media sharing,2014-04-15,citizenlab,Updated by OONI on 2017-02-14
http://www.derechos.org/,HUMR,Human Rights Issues,2014-04-15,citizenlab,Updated by OONI on 2017-02-14
http://www.dfid.gov.uk/,ECON,Economics,2014-04-15,citizenlab,Updated by OONI on 2017-02-14
http://www.dharmanet.org/,REL,Religion,2014-04-15,citizenlab,Updated by OONI on 2017-02-14
http://www.dia.mil/,GOVT,Government,2014-04-15,citizenlab,Updated by OONI on 2017-02-14
http://www.dit-inc.us/,ANON,Anonymization and circumvention tools,2014-04-15,citizenlab,Updated by OONI on 2017-02-14
http://www.doctissimo.fr/,PUBH,Public Health,2014-04-15,citizenlab,Updated by OONI on 2017-02-14
http://www.dogpile.com/,SRCH,Search Engines,2014-04-15,citizenlab,Updated by OONI on 2017-02-14
http://www.dopplr.com/,NEWS,News Media,2014-04-15,citizenlab,Updated by OONI on 2017-02-14
https://www.dotster.com/,HOST,Hosting and Blogging Platforms,2014-04-15,citizenlab,Updated by OONI on 2017-02-14
http://www.download.com/,FILE,File-sharing,2014-04-15,citizenlab,Updated by OONI on 2017-02-14
https://www.dreamhost.com/,HOST,Hosting and Blogging Platforms,2014-04-15,citizenlab,Updated by OONI on 2017-02-14
https://www.dropbox.com/,MMED,Media sharing,2014-04-15,citizenlab,Updated by OONI on 2017-02-14
http://www.drudgereport.com/,NEWS,News Media,2014-04-15,citizenlab,Updated by OONI on 2017-02-14
http://www.drugsense.org/,ALDR,Alcohol & Drugs,2014-04-15,citizenlab,Updated by OONI on 2017-02-14
http://www.dw-world.de/,NEWS,News Media,2014-04-15,citizenlab,Updated by OONI on 2017-02-14
https://www.ea.com/,GAME,Gaming,2014-04-15,citizenlab,Updated by OONI on 2017-02-14
http://www.earthaction.org/,ENV,Environment,2014-04-15,citizenlab,Updated by OONI on 2017-02-14
https://www.earthrights.org/,ENV,Environment,2014-04-15,citizenlab,Updated by OONI on 2017-02-14
http://www.earthwatch.org/,ENV,Environment,2014-04-15,citizenlab,Updated by OONI on 2017-02-14
http://www.ebaumsworld.com/,MMED,Media sharing,2014-04-15,citizenlab,Updated by OONI on 2017-02-14
http://www.ebay.com/,COMM,E-commerce,2014-04-15,citizenlab,Updated by OONI on 2017-02-14
http://www.eccouncil.org/,HACK,Hacking Tools,2014-04-15,citizenlab,Updated by OONI on 2017-02-14
http://www.echr.coe.int/,HUMR,Human Rights Issues,2014-04-15,citizenlab,Updated by OONI on 2017-02-14
http://www.economist.com/,NEWS,News Media,2014-04-15,citizenlab,Updated by OONI on 2017-02-14
http://www.ectaco.com/,COMT,Communication Tools,2014-04-15,citizenlab,Updated by OONI on 2017-02-14
http://www.ectaco.com/info/software/?atid=2021,COMT,Communication Tools,2014-04-15,citizenlab,Updated by OONI on 2017-02-14
https://www.edf.org/,ENV,Environment,2014-04-15,citizenlab,Updated by OONI on 2017-02-14
http://www.eea.europa.eu/,ENV,Environment,2014-04-15,citizenlab,Updated by OONI on 2017-02-14
https://www.eff.org/,HUMR,Human Rights Issues,2014-04-15,citizenlab,Updated by OONI on 2017-02-14
http://www.eharmony.com/,DATE,Online Dating,2014-04-15,citizenlab,Updated by OONI on 2017-02-14
http://www.eln-voces.com/,MILX,Terrorism and Militants,2014-04-15,citizenlab,Updated by OONI on 2017-02-14
http://www.eluniversal.com/,NEWS,News Media,2014-04-15,citizenlab,Updated by OONI on 2017-02-14
https://www.engenderhealth.org/,PUBH,Public Health,2014-04-15,citizenlab,Updated by OONI on 2017-02-14
http://www.enom.com/,HOST,Hosting and Blogging Platforms,2014-04-15,citizenlab,Updated by OONI on 2017-02-14
https://www.epa.gov/,ENV,Environment,2014-04-15,citizenlab,Updated by OONI on 2017-02-14
http://www.episcopalchurch.org/,HUMR,Human Rights Issues,2014-04-15,citizenlab,Updated by OONI on 2017-02-14
http://www.episcopalrelief.org/,REL,Religion,2014-04-15,citizenlab,Updated by OONI on 2017-02-14
https://www.erowid.org/,ALDR,Alcohol & Drugs,2014-04-15,citizenlab,Updated by OONI on 2017-02-14
http://www.eurogrand.com/,GMB,Gambling,2014-04-15,citizenlab,Updated by OONI on 2017-02-14
http://www.europacasino.com/,GMB,Gambling,2014-04-15,citizenlab,Updated by OONI on 2017-02-14
http://www.euthanasia.cc/,PUBH,Public Health,2014-04-15,citizenlab,Updated by OONI on 2017-02-14
https://www.eveonline.com/,GAME,Gaming,2014-04-15,citizenlab,Updated by OONI on 2017-02-14
